event_date,state,district,location,latitude,longitude,location_precision,deaths,rainfall_mm,rainfall_period,trigger,is_landslide,data_source,source,source_url
2022-06-30,Manipur,Noney,"Tupul (Makhuam village, railway construction site)",24.804,93.674,town-level,61.0,329.9,"11-day continuous spell (June total 329.9mm, May-June 705.5mm)",Heavy monsoon rainfall / slope excavation,1,real_documented_event,"Wikipedia / EastMojo / AGU Landslide Blog / GSI, Jun-Jul 2022",https://en.wikipedia.org/wiki/2022_Manipur_landslide
2024-05-28,Mizoram,Aizawl,"Melthum-Hlimen (southern outskirts of Aizawl), stone quarry",23.7271,92.7176,town-level,29.0,205.0,24hr (Cyclone Remal single-day pulse),Cyclone Remal,1,real_documented_event,"PTI via The Tribune / Eastern Mirror / ResearchGate, May 2024",https://www.tribuneindia.com/news/india/25-killed-in-landslides-stone-quarry-collapse-in-mizoram-625697
2024-06-13,Sikkim,Mangan,Pakshep and Ambhithang villages,27.5167,88.5333,district-HQ approx,9.0,250.0,13-day cumulative (54% above normal),Heavy monsoon rainfall,1,real_documented_event,"Sphere India Situation Report-1, 14 Jun 2024",https://www.sphereindia.org.in/sites/default/files/2024-06/SI%20Sitrep-1__Sikkim%20Landslide_14-06-2024_1200%20Hrs.pdf
2022-06-14,Assam,Kamrup Metro,"Boragaon/Nijarapar, Guwahati",26.1445,91.7362,town-level,4.0,134.0,24hr (Gauhati Univ station; 48hr continuous spell),Heavy rainfall (IMD Red Alert),1,real_documented_event,"PTI via Deccan Herald / IMD Guwahati, 14 Jun 2022",https://www.deccanherald.com/india/four-deaths-due-to-landslides-in-assam-following-heavy-rains-life-paralysed-in-guwahati-1118032.html
2017-06-18,Meghalaya,Ri-Bhoi,Tharia village,25.9086,91.8794,district-HQ approx,7.0,120.5,"24hr (recorded at Sohra, same spell)",Heavy monsoon rainfall,1,real_documented_event,"IANS via Eastern Mirror, 18 Jun 2017",https://www.easternmirrornagaland.com/toll-rises-to-seven-in-meghalaya-landslide
2020-09-24,Meghalaya,East Khasi Hills,Shillong (Police Reserve / Laban),25.5788,91.8933,town-level,2.0,260.0,24hr (72hr incessant spell across East Khasi Hills),Heavy rainfall (IMD Red Alert),1,real_documented_event,"WorldAware / Shillong Times / Indian Express, Sep 2020",https://www.worldaware.com/fr/product/372756
2024-05-30,Meghalaya,East Khasi Hills,"Nongpriang village, Shella block",25.15,91.85,district-level approx,4.0,634.0,"24hr (recorded at Sohra; 2-day total 815.6mm, Cyclone Remal)",Cyclone Remal,1,real_documented_event,"Deccan Herald / Cherrapunjee Weather Station, May 2024",https://www.deccanherald.com/india/meghalaya/4-feared-dead-after-landslide-in-meghalaya-3045425
2024-10-06,Meghalaya,South Garo Hills,"Hatiasia Songma, Gasuapara",25.2,90.6333,district-HQ approx,10.0,140.0,24hr (recorded at Baghmara station; 3-day continuous spell),Heavy rainfall / flash flood,1,real_documented_event,"PTI via Deccan Herald / IMD, Oct 2024",https://www.deccanherald.com/amp/story/india%2Fmeghalaya%2F10-die-in-flashfloods-triggered-by-heavy-rains-in-meghalaya-3221186
2022-04-02,Meghalaya,East Khasi Hills,"Mawlat village, Mawkynrew block",25.45,91.75,district-level approx,2.0,360.0,24hr (recorded at Sohra; 4-day pre-monsoon spell over 700mm),Heavy pre-monsoon rainfall,1,real_documented_event,"EastMojo / IMD Shillong, 4 Apr 2022",https://eastmojo.com/meghalaya/2022/04/04/meghalaya-two-dead-as-incessant-rains-cause-landslides-damage/
2024-08-21,Tripura,South Tripura,"Devipur & Gardang (Ashwini Tripura Para), Santirbazar",23.2986,91.5036,town-level,10.0,375.8,24hr (recorded at Bagafa station; 3-day cumulative 644.5mm),Incessant monsoon depression rainfall / severe flash floods,1,real_documented_event,"ReliefWeb / SEEDS India / NDTV, Aug 2024",https://reliefweb.int/report/india/tripura-india-floods-and-landslides-update-imd-media-reliefweb-seeds-echo-daily-flash-26-august-2024
2022-05-14,Assam,Dima Hasao,Haflong town and New Haflong Railway Station,25.1742,93.0232,town-level,4.0,156.0,"24hr (May 11 peak 156mm; 5-day continuous spell, May total 540mm)",Pre-monsoon extreme rainfall / slope cutting,1,real_documented_event,"AGU Landslide Blog / DownToEarth / ASDMA, May 2022",https://www.downtoearth.org.in/news/natural-disasters/dima-hasao-disaster-how-unplanned-construction-aggravated-landslides-in-assam-82928
2020-06-02,Assam,Cachar,Joypur/Lakhipur (Cachar) and Hailakandi & Karimganj,24.7431,93.0131,district-level approx,21.0,151.6,5-day cumulative antecedent rainfall (121mm threshold exceeded),Heavy pre-monsoon incessant rainfall,1,real_documented_event,"Indian Express / ResearchGate (Sultana et al.), Jun 2020",https://indianexpress.com/article/north-east-india/assam/assam-landslides-barak-valley-cachar-hailakandi-karimganj-6438902/
2015-08-01,Manipur,Chandel,Joumol village (Khengjoi block),24.15,94.05,village-level approx,20.0,287.6,48hr cumulative (Cyclone Komen remnants),Cyclone Komen / incessant torrential monsoon rainfall,1,real_documented_event,"NDTV / ReliefWeb / E-Pao, Aug 2015",https://www.ndtv.com/india-news/landslide-wipes-out-manipur-village-20-feared-dead-1202877
2024-09-03,Nagaland,Chumoukedima,"Pherima and Pagla Pahar, NH-29",25.7592,93.854,town-level,6.0,46.1,3-day continuous spell (IMD heavy rainfall alert),Incessant monsoon rain / stream debris flow,1,real_documented_event,"The Hindu / Nagaland State Disaster Management Authority, Sep 2024",https://www.thehindu.com/news/national/nagaland/six-killed-in-landslides-on-national-highway-29-in-nagaland/article68603612.ece
2017-07-11,Arunachal Pradesh,Papum Pare,Laptap village (Sagalee sub-division),27.24,93.41,village-level approx,14.0,194.9,3-day continuous monsoon spell (80.9mm single-day peak),Incessant monsoon rainfall,1,real_documented_event,"India Today / Indian Express / NDRF, Jul 2017",https://www.indiatoday.in/india/story/arunachal-pradesh-landslide-papum-pare-district-1023733-2017-07-11
2016-04-22,Arunachal Pradesh,Tawang,Phamla village (near Tawang town),27.5861,91.8687,village-level,16.0,80.0,3-day pre-monsoon spell (29.8mm single-day peak),Incessant pre-monsoon rainfall / construction camp on slope,1,real_documented_event,"The Wire / NDTV / NDRF, Apr 2016",https://thewire.in/environment/16-killed-in-arunachal-pradesh-landslide
2020-07-10,Arunachal Pradesh,Papum Pare,Tigdo village & Modirijo (NH-415 Itanagar),27.0844,93.6053,town-level,8.0,69.4,48hr spell (5-day incessant rainfall in capital complex),Incessant heavy monsoon rainfall,1,real_documented_event,"Hindustan Times / Indian Express, Jul 2020",https://www.hindustantimes.com/india-news/8-killed-in-landslides-in-arunachal-pradesh-after-incessant-rain/story-zR21XgY30xJ95LgBw3uG3N.html
2017-06-12,Mizoram,Lunglei,Lunglei town & Tlabung sub-division,22.8879,92.732,town-level,12.0,360.3,"48hr cumulative (252.0mm on Jun 12, 108.3mm on Jun 13)",Incessant monsoon rainfall / post-Cyclone Mora deluge,1,real_documented_event,"Kangla Online / Hindustan Times / Disaster Management Mizoram, Jun 2017",https://www.hindustantimes.com/india-news/cyclone-mora-in-mizoram-1-dead-hundreds-of-houses-damaged/story-ZzQc3mGvR8tIbg1RZZkGHL.html
2012-09-21,Sikkim,Mangan,Mangan-Chungthang highway stretch,27.562,88.587,district-level approx,27.0,151.0,72hr cumulative (late-monsoon deluge on post-earthquake terrain),Torrential late monsoon rainfall,1,real_documented_event,"NDTV / New Indian Express / BRO, Sep 2012",https://www.ndtv.com/india-news/sikkim-landslides-27-killed-many-missing-500277
2015-07-01,West Bengal,Darjeeling,"Tingling tea estate, Mirik and Kalimpong",26.8917,88.1783,village-level,38.0,185.3,24hr (Kurseong gauge; 3-day continuous spell over 330mm),Torrential monsoon rainfall,1,real_documented_event,"Times of India / AGU Landslide Blog / GSI, Jul 2015",https://timesofindia.indiatimes.com/city/kolkata/38-dead-in-darjeeling-landslides/articleshow/47910129.cms
2024-07-30,Kerala,Wayanad,"Chooralmala, Mundakkai, Punjirimattom (Meppadi)",11.5273,76.1368,village-level,350.0,578.0,48hr cumulative (372.0mm 24hr peak ending July 30),Incessant extremely heavy monsoon downpour (deep convective cloud system),1,real_documented_event,"IMD / DownToEarth / KSDMA / ReliefWeb, Jul 2024",https://www.downtoearth.org.in/natural-disasters/wayanad-landslides-extremely-heavy-rainfall-deep-cloud-system-triggered-disaster-shows-imd-data
2020-08-06,Kerala,Idukki,"Pettimudi, Rajamala near Munnar",10.1658,77.0163,village-level,66.0,616.4,24hr (recorded at Kannan Devan Hills Tea Estate gauge),Concentrated monsoon cloudburst-intensity downpour,1,real_documented_event,"New Indian Express / ResearchGate (Sajinkumar et al.), Aug 2020",https://www.newindianexpress.com/states/kerala/2020/aug/10/pettimudi-tragedy-rain-measured-at-tea-estate-was-616-mm-on-august-6-2181467.html
2019-08-08,Kerala,Malappuram,"Kavalappara (Bhoothanam, Nilambur)",11.3783,76.2417,village-level,59.0,398.0,24hr (recorded at Nilambur station; 7-day total 189.4mm prior),Incessant heavy monsoon rainfall,1,real_documented_event,"New Indian Express / AGU Landslide Blog / KSDMA, Aug 2019",https://www.newindianexpress.com/states/kerala/2019/aug/19/kavalappara-landslide-death-toll-rises-to-59-2021021.html
2019-08-08,Kerala,Wayanad,"Puthumala, Meppadi",11.5167,76.15,village-level,17.0,256.0,24hr (Vythiri AWS; 48hr spell ~500mm),Incessant extreme monsoon rainfall,1,real_documented_event,"The Hindu / ResearchGate / KSDMA, Aug 2019",https://www.thehindu.com/news/national/kerala/puthumala-landslide-ground-penetrating-radar-search-yields-no-results/article29166645.ece
2023-07-19,Maharashtra,Raigad,"Irshalwadi tribal hamlet, Khalapur taluka",18.9328,73.2325,village-level,84.0,499.0,3-day cumulative (July 16-19; 234.4mm in 24hr),Incessant torrential monsoon downpour,1,real_documented_event,"Hindustan Times / NDRF / AGU Landslide Blog, Jul 2023",https://www.hindustantimes.com/cities/mumbai-news/irshalwadi-landslide-death-toll-rises-to-27-search-operation-called-off-101690119859547.html
2021-07-22,Maharashtra,Raigad,"Taliye village, Mahad taluka",18.0645,73.4912,village-level,89.0,413.0,24hr (Mahad IMD gauge; 48hr cumulative 572mm),Extreme monsoon deluge,1,real_documented_event,"Hindustan Times / ResearchGate (Prakash et al.), Jul 2021",https://www.hindustantimes.com/cities/mumbai-news/taliye-landslide-death-toll-rises-to-89-search-operation-called-off-101627299119615.html
2014-07-30,Maharashtra,Pune,"Malin village, Ambegaon taluka",19.1603,73.6886,village-level,151.0,108.0,24hr (Dimbhe gauge; ~600mm 7-day cumulative spell),Continuous monsoon downpour / heavy soil saturation,1,real_documented_event,"GSI / AGU Landslide Blog / Wikipedia, Jul 2014",https://en.wikipedia.org/wiki/2014_Malin_landslide
2024-07-16,Karnataka,Uttara Kannada,"Shirur, Ankola on NH-66",14.6186,74.3875,village-level,11.0,198.0,24hr (Ankola IMD gauge; 48hr continuous spell),Incessant monsoon rainfall / unscientific NH-66 slope excavation,1,real_documented_event,"EOS / Natural Hazards Research / Indian Express, Jul 2024",https://indianexpress.com/article/cities/bangalore/karnataka-ankola-landslide-arjun-lorry-found-gangavali-river-9588075/
2017-08-13,Himachal Pradesh,Mandi,"Kotropi village, NH-154 (Mandi-Pathankot highway)",31.8988,76.8833,village-level,48.0,194.8,8-day cumulative antecedent rainfall (Aug 5-13; cloudburst trigger),Cloudburst / incessant monsoon downpour,1,real_documented_event,"USGS / GSI / AGU Landslide Blog, Aug 2017",https://www.usgs.gov/media/images/2017-kotropi-landslide-himachal-pradesh-india
2023-08-14,Himachal Pradesh,Shimla,"Shiv Bawdi temple, Summer Hill",31.1128,77.1394,town-level,20.0,134.0,24hr (Shimla AWS; 48hr extreme monsoon spell),Extreme orographic monsoon rainfall / saturated overburden,1,real_documented_event,"Indian Express / EOS / ResearchGate, Aug 2023",https://indianexpress.com/article/cities/chandigarh/shimla-temple-collapse-summer-hill-rescue-operation-8891515/
,Sikkim,Mangan,Mangan (synthetic),27.5167,88.5333,town-level (real coords),,231.5,"24hr (synthetic, grounded in real trigger range)",Heavy rainfall (synthetic),1,synthetic_augmented,Generated for ML training volume - NOT an observed event,
,Arunachal Pradesh,Itanagar,Itanagar (synthetic),27.0844,93.6053,town-level (real coords),,222.5,"24hr (synthetic, grounded in real trigger range)",Heavy rainfall (synthetic),1,synthetic_augmented,Generated for ML training volume - NOT an observed event,
,Nagaland,Dimapur,Dimapur (synthetic),25.9091,93.7267,town-level (real coords),,203.6,"24hr (synthetic, grounded in real trigger range)",Heavy rainfall (synthetic),1,synthetic_augmented,Generated for ML training volume - NOT an observed event,
,Manipur,Imphal,Imphal (synthetic),24.817,93.9368,town-level (real coords),,141.8,"24hr (synthetic, grounded in real trigger range)",Heavy rainfall (synthetic),1,synthetic_augmented,Generated for ML training volume - NOT an observed event,
,Manipur,Noney,Noney (synthetic),24.7842,93.6035,town-level (real coords),,184.3,"24hr (synthetic, grounded in real trigger range)",Heavy rainfall (synthetic),1,synthetic_augmented,Generated for ML training volume - NOT an observed event,
,Meghalaya,Tura,Tura (synthetic),25.514,90.2027,town-level (real coords),,204.2,"24hr (synthetic, grounded in real trigger range)",Heavy rainfall (synthetic),1,synthetic_augmented,Generated for ML training volume - NOT an observed event,
,Mizoram,Aizawl,Aizawl (synthetic),23.7271,92.7176,town-level (real coords),,211.1,"24hr (synthetic, grounded in real trigger range)",Heavy rainfall (synthetic),1,synthetic_augmented,Generated for ML training volume - NOT an observed event,
,Meghalaya,Tura,Tura (synthetic),25.514,90.2027,town-level (real coords),,255.8,"24hr (synthetic, grounded in real trigger range)",Heavy rainfall (synthetic),1,synthetic_augmented,Generated for ML training volume - NOT an observed event,
,Nagaland,Kohima,Kohima (synthetic),25.6751,94.1086,town-level (real coords),,251.4,"24hr (synthetic, grounded in real trigger range)",Heavy rainfall (synthetic),1,synthetic_augmented,Generated for ML training volume - NOT an observed event,
,Assam,Dibrugarh,Dibrugarh (synthetic),27.4728,94.912,town-level (real coords),,145.5,"24hr (synthetic, grounded in real trigger range)",Heavy rainfall (synthetic),1,synthetic_augmented,Generated for ML training volume - NOT an observed event,
,Meghalaya,Tura,Tura (synthetic),25.514,90.2027,town-level (real coords),,206.4,"24hr (synthetic, grounded in real trigger range)",Heavy rainfall (synthetic),1,synthetic_augmented,Generated for ML training volume - NOT an observed event,
,Manipur,Imphal,Imphal (synthetic),24.817,93.9368,town-level (real coords),,193.5,"24hr (synthetic, grounded in real trigger range)",Heavy rainfall (synthetic),1,synthetic_augmented,Generated for ML training volume - NOT an observed event,
,Nagaland,Kohima,Kohima (synthetic),25.6751,94.1086,town-level (real coords),,123.2,"24hr (synthetic, grounded in real trigger range)",Heavy rainfall (synthetic),1,synthetic_augmented,Generated for ML training volume - NOT an observed event,
,Manipur,Noney,Noney (synthetic),24.7842,93.6035,town-level (real coords),,205.7,"24hr (synthetic, grounded in real trigger range)",Heavy rainfall (synthetic),1,synthetic_augmented,Generated for ML training volume - NOT an observed event,
,Manipur,Imphal,Imphal (synthetic),24.817,93.9368,town-level (real coords),,126.5,"24hr (synthetic, grounded in real trigger range)",Heavy rainfall (synthetic),1,synthetic_augmented,Generated for ML training volume - NOT an observed event,
,Nagaland,Kohima,Kohima (synthetic),25.6751,94.1086,town-level (real coords),,171.3,"24hr (synthetic, grounded in real trigger range)",Heavy rainfall (synthetic),1,synthetic_augmented,Generated for ML training volume - NOT an observed event,
,Tripura,Agartala,Agartala (synthetic),23.8315,91.2868,town-level (real coords),,132.7,"24hr (synthetic, grounded in real trigger range)",Heavy rainfall (synthetic),1,synthetic_augmented,Generated for ML training volume - NOT an observed event,
,Tripura,Agartala,Agartala (synthetic),23.8315,91.2868,town-level (real coords),,148.0,"24hr (synthetic, grounded in real trigger range)",Heavy rainfall (synthetic),1,synthetic_augmented,Generated for ML training volume - NOT an observed event,
,Sikkim,Mangan,Mangan (synthetic),27.5167,88.5333,town-level (real coords),,257.7,"24hr (synthetic, grounded in real trigger range)",Heavy rainfall (synthetic),1,synthetic_augmented,Generated for ML training volume - NOT an observed event,
,Mizoram,Lunglei,Lunglei (synthetic),22.8879,92.732,town-level (real coords),,126.5,"24hr (synthetic, grounded in real trigger range)",Heavy rainfall (synthetic),1,synthetic_augmented,Generated for ML training volume - NOT an observed event,
,Assam,Silchar,Silchar (synthetic),24.8333,92.7789,town-level (real coords),,215.2,"24hr (synthetic, grounded in real trigger range)",Heavy rainfall (synthetic),1,synthetic_augmented,Generated for ML training volume - NOT an observed event,
,Mizoram,Lunglei,Lunglei (synthetic),22.8879,92.732,town-level (real coords),,129.1,"24hr (synthetic, grounded in real trigger range)",Heavy rainfall (synthetic),1,synthetic_augmented,Generated for ML training volume - NOT an observed event,
,Meghalaya,Shillong,Shillong (synthetic),25.5788,91.8933,town-level (real coords),,251.9,"24hr (synthetic, grounded in real trigger range)",Heavy rainfall (synthetic),1,synthetic_augmented,Generated for ML training volume - NOT an observed event,
,Tripura,Agartala,Agartala (synthetic),23.8315,91.2868,town-level (real coords),,233.2,"24hr (synthetic, grounded in real trigger range)",Heavy rainfall (synthetic),1,synthetic_augmented,Generated for ML training volume - NOT an observed event,
,Mizoram,Lunglei,Lunglei (synthetic),22.8879,92.732,town-level (real coords),,122.2,"24hr (synthetic, grounded in real trigger range)",Heavy rainfall (synthetic),1,synthetic_augmented,Generated for ML training volume - NOT an observed event,
,Assam,Dibrugarh,Dibrugarh (synthetic),27.4728,94.912,town-level (real coords),,215.8,"24hr (synthetic, grounded in real trigger range)",Heavy rainfall (synthetic),1,synthetic_augmented,Generated for ML training volume - NOT an observed event,
,Arunachal Pradesh,Itanagar,Itanagar (synthetic),27.0844,93.6053,town-level (real coords),,215.7,"24hr (synthetic, grounded in real trigger range)",Heavy rainfall (synthetic),1,synthetic_augmented,Generated for ML training volume - NOT an observed event,
,Nagaland,Kohima,Kohima (synthetic),25.6751,94.1086,town-level (real coords),,189.3,"24hr (synthetic, grounded in real trigger range)",Heavy rainfall (synthetic),1,synthetic_augmented,Generated for ML training volume - NOT an observed event,
,Arunachal Pradesh,Itanagar,Itanagar (synthetic),27.0844,93.6053,town-level (real coords),,144.3,"24hr (synthetic, grounded in real trigger range)",Heavy rainfall (synthetic),1,synthetic_augmented,Generated for ML training volume - NOT an observed event,
,Assam,Guwahati,Guwahati (synthetic),26.1445,91.7362,town-level (real coords),,156.2,"24hr (synthetic, grounded in real trigger range)",Heavy rainfall (synthetic),1,synthetic_augmented,Generated for ML training volume - NOT an observed event,
,Mizoram,Aizawl,Aizawl (synthetic),23.7271,92.7176,town-level (real coords),,225.8,"24hr (synthetic, grounded in real trigger range)",Heavy rainfall (synthetic),1,synthetic_augmented,Generated for ML training volume - NOT an observed event,
,Tripura,Agartala,Agartala (synthetic),23.8315,91.2868,town-level (real coords),,192.8,"24hr (synthetic, grounded in real trigger range)",Heavy rainfall (synthetic),1,synthetic_augmented,Generated for ML training volume - NOT an observed event,
,Manipur,Imphal,Imphal (synthetic),24.817,93.9368,town-level (real coords),,199.5,"24hr (synthetic, grounded in real trigger range)",Heavy rainfall (synthetic),1,synthetic_augmented,Generated for ML training volume - NOT an observed event,
,Nagaland,Dimapur,Dimapur (synthetic),25.9091,93.7267,town-level (real coords),,255.7,"24hr (synthetic, grounded in real trigger range)",Heavy rainfall (synthetic),1,synthetic_augmented,Generated for ML training volume - NOT an observed event,
,Manipur,Imphal,Imphal (synthetic),24.817,93.9368,town-level (real coords),,183.0,"24hr (synthetic, grounded in real trigger range)",Heavy rainfall (synthetic),1,synthetic_augmented,Generated for ML training volume - NOT an observed event,
,Manipur,Imphal,Imphal (synthetic),24.817,93.9368,town-level (real coords),,245.3,"24hr (synthetic, grounded in real trigger range)",Heavy rainfall (synthetic),1,synthetic_augmented,Generated for ML training volume - NOT an observed event,
,Tripura,Agartala,Agartala (synthetic),23.8315,91.2868,town-level (real coords),,221.8,"24hr (synthetic, grounded in real trigger range)",Heavy rainfall (synthetic),1,synthetic_augmented,Generated for ML training volume - NOT an observed event,
,Arunachal Pradesh,Itanagar,Itanagar (synthetic),27.0844,93.6053,town-level (real coords),,132.4,"24hr (synthetic, grounded in real trigger range)",Heavy rainfall (synthetic),1,synthetic_augmented,Generated for ML training volume - NOT an observed event,
,Sikkim,Mangan,Mangan (synthetic),27.5167,88.5333,town-level (real coords),,192.9,"24hr (synthetic, grounded in real trigger range)",Heavy rainfall (synthetic),1,synthetic_augmented,Generated for ML training volume - NOT an observed event,
,Tripura,Agartala,Agartala (synthetic),23.8315,91.2868,town-level (real coords),,165.5,"24hr (synthetic, grounded in real trigger range)",Heavy rainfall (synthetic),1,synthetic_augmented,Generated for ML training volume - NOT an observed event,
,Nagaland,Dimapur,Dimapur (synthetic),25.9091,93.7267,town-level (real coords),,28.6,"24hr (synthetic, grounded in normal baseline)",No significant trigger (synthetic),0,synthetic_augmented,Generated for ML training volume - NOT an observed event,
,Meghalaya,Tura,Tura (synthetic),25.514,90.2027,town-level (real coords),,59.5,"24hr (synthetic, grounded in normal baseline)",No significant trigger (synthetic),0,synthetic_augmented,Generated for ML training volume - NOT an observed event,
,Mizoram,Lunglei,Lunglei (synthetic),22.8879,92.732,town-level (real coords),,29.5,"24hr (synthetic, grounded in normal baseline)",No significant trigger (synthetic),0,synthetic_augmented,Generated for ML training volume - NOT an observed event,
,Nagaland,Kohima,Kohima (synthetic),25.6751,94.1086,town-level (real coords),,29.0,"24hr (synthetic, grounded in normal baseline)",No significant trigger (synthetic),0,synthetic_augmented,Generated for ML training volume - NOT an observed event,
,Nagaland,Dimapur,Dimapur (synthetic),25.9091,93.7267,town-level (real coords),,80.6,"24hr (synthetic, grounded in normal baseline)",No significant trigger (synthetic),0,synthetic_augmented,Generated for ML training volume - NOT an observed event,
,Assam,Guwahati,Guwahati (synthetic),26.1445,91.7362,town-level (real coords),,3.5,"24hr (synthetic, grounded in normal baseline)",No significant trigger (synthetic),0,synthetic_augmented,Generated for ML training volume - NOT an observed event,
,Mizoram,Lunglei,Lunglei (synthetic),22.8879,92.732,town-level (real coords),,77.7,"24hr (synthetic, grounded in normal baseline)",No significant trigger (synthetic),0,synthetic_augmented,Generated for ML training volume - NOT an observed event,
,Nagaland,Kohima,Kohima (synthetic),25.6751,94.1086,town-level (real coords),,30.8,"24hr (synthetic, grounded in normal baseline)",No significant trigger (synthetic),0,synthetic_augmented,Generated for ML training volume - NOT an observed event,
,Arunachal Pradesh,Itanagar,Itanagar (synthetic),27.0844,93.6053,town-level (real coords),,81.9,"24hr (synthetic, grounded in normal baseline)",No significant trigger (synthetic),0,synthetic_augmented,Generated for ML training volume - NOT an observed event,
,Assam,Guwahati,Guwahati (synthetic),26.1445,91.7362,town-level (real coords),,71.7,"24hr (synthetic, grounded in normal baseline)",No significant trigger (synthetic),0,synthetic_augmented,Generated for ML training volume - NOT an observed event,
,Assam,Silchar,Silchar (synthetic),24.8333,92.7789,town-level (real coords),,77.6,"24hr (synthetic, grounded in normal baseline)",No significant trigger (synthetic),0,synthetic_augmented,Generated for ML training volume - NOT an observed event,
,Meghalaya,Tura,Tura (synthetic),25.514,90.2027,town-level (real coords),,92.8,"24hr (synthetic, grounded in normal baseline)",No significant trigger (synthetic),0,synthetic_augmented,Generated for ML training volume - NOT an observed event,
,Manipur,Imphal,Imphal (synthetic),24.817,93.9368,town-level (real coords),,13.4,"24hr (synthetic, grounded in normal baseline)",No significant trigger (synthetic),0,synthetic_augmented,Generated for ML training volume - NOT an observed event,
,Sikkim,Mangan,Mangan (synthetic),27.5167,88.5333,town-level (real coords),,85.3,"24hr (synthetic, grounded in normal baseline)",No significant trigger (synthetic),0,synthetic_augmented,Generated for ML training volume - NOT an observed event,
,Nagaland,Kohima,Kohima (synthetic),25.6751,94.1086,town-level (real coords),,34.4,"24hr (synthetic, grounded in normal baseline)",No significant trigger (synthetic),0,synthetic_augmented,Generated for ML training volume - NOT an observed event,
,Sikkim,Mangan,Mangan (synthetic),27.5167,88.5333,town-level (real coords),,32.5,"24hr (synthetic, grounded in normal baseline)",No significant trigger (synthetic),0,synthetic_augmented,Generated for ML training volume - NOT an observed event,
,Mizoram,Aizawl,Aizawl (synthetic),23.7271,92.7176,town-level (real coords),,67.3,"24hr (synthetic, grounded in normal baseline)",No significant trigger (synthetic),0,synthetic_augmented,Generated for ML training volume - NOT an observed event,
,Nagaland,Kohima,Kohima (synthetic),25.6751,94.1086,town-level (real coords),,64.5,"24hr (synthetic, grounded in normal baseline)",No significant trigger (synthetic),0,synthetic_augmented,Generated for ML training volume - NOT an observed event,
,Manipur,Noney,Noney (synthetic),24.7842,93.6035,town-level (real coords),,57.0,"24hr (synthetic, grounded in normal baseline)",No significant trigger (synthetic),0,synthetic_augmented,Generated for ML training volume - NOT an observed event,
,Assam,Silchar,Silchar (synthetic),24.8333,92.7789,town-level (real coords),,13.7,"24hr (synthetic, grounded in normal baseline)",No significant trigger (synthetic),0,synthetic_augmented,Generated for ML training volume - NOT an observed event,
,Tripura,Agartala,Agartala (synthetic),23.8315,91.2868,town-level (real coords),,85.2,"24hr (synthetic, grounded in normal baseline)",No significant trigger (synthetic),0,synthetic_augmented,Generated for ML training volume - NOT an observed event,
,Meghalaya,Tura,Tura (synthetic),25.514,90.2027,town-level (real coords),,57.0,"24hr (synthetic, grounded in normal baseline)",No significant trigger (synthetic),0,synthetic_augmented,Generated for ML training volume - NOT an observed event,
,Arunachal Pradesh,Itanagar,Itanagar (synthetic),27.0844,93.6053,town-level (real coords),,27.1,"24hr (synthetic, grounded in normal baseline)",No significant trigger (synthetic),0,synthetic_augmented,Generated for ML training volume - NOT an observed event,
,Manipur,Noney,Noney (synthetic),24.7842,93.6035,town-level (real coords),,53.2,"24hr (synthetic, grounded in normal baseline)",No significant trigger (synthetic),0,synthetic_augmented,Generated for ML training volume - NOT an observed event,
,Arunachal Pradesh,Itanagar,Itanagar (synthetic),27.0844,93.6053,town-level (real coords),,12.9,"24hr (synthetic, grounded in normal baseline)",No significant trigger (synthetic),0,synthetic_augmented,Generated for ML training volume - NOT an observed event,
,Nagaland,Kohima,Kohima (synthetic),25.6751,94.1086,town-level (real coords),,12.6,"24hr (synthetic, grounded in normal baseline)",No significant trigger (synthetic),0,synthetic_augmented,Generated for ML training volume - NOT an observed event,
,Arunachal Pradesh,Itanagar,Itanagar (synthetic),27.0844,93.6053,town-level (real coords),,89.8,"24hr (synthetic, grounded in normal baseline)",No significant trigger (synthetic),0,synthetic_augmented,Generated for ML training volume - NOT an observed event,
,Assam,Guwahati,Guwahati (synthetic),26.1445,91.7362,town-level (real coords),,32.8,"24hr (synthetic, grounded in normal baseline)",No significant trigger (synthetic),0,synthetic_augmented,Generated for ML training volume - NOT an observed event,
,Meghalaya,Shillong,Shillong (synthetic),25.5788,91.8933,town-level (real coords),,90.9,"24hr (synthetic, grounded in normal baseline)",No significant trigger (synthetic),0,synthetic_augmented,Generated for ML training volume - NOT an observed event,
,Sikkim,Mangan,Mangan (synthetic),27.5167,88.5333,town-level (real coords),,61.2,"24hr (synthetic, grounded in normal baseline)",No significant trigger (synthetic),0,synthetic_augmented,Generated for ML training volume - NOT an observed event,
,Arunachal Pradesh,Itanagar,Itanagar (synthetic),27.0844,93.6053,town-level (real coords),,76.0,"24hr (synthetic, grounded in normal baseline)",No significant trigger (synthetic),0,synthetic_augmented,Generated for ML training volume - NOT an observed event,
,Meghalaya,Shillong,Shillong (synthetic),25.5788,91.8933,town-level (real coords),,94.4,"24hr (synthetic, grounded in normal baseline)",No significant trigger (synthetic),0,synthetic_augmented,Generated for ML training volume - NOT an observed event,
,Sikkim,Mangan,Mangan (synthetic),27.5167,88.5333,town-level (real coords),,30.4,"24hr (synthetic, grounded in normal baseline)",No significant trigger (synthetic),0,synthetic_augmented,Generated for ML training volume - NOT an observed event,
,Sikkim,Gangtok,Gangtok (synthetic),27.3389,88.6065,town-level (real coords),,88.3,"24hr (synthetic, grounded in normal baseline)",No significant trigger (synthetic),0,synthetic_augmented,Generated for ML training volume - NOT an observed event,
,Manipur,Imphal,Imphal (synthetic),24.817,93.9368,town-level (real coords),,81.2,"24hr (synthetic, grounded in normal baseline)",No significant trigger (synthetic),0,synthetic_augmented,Generated for ML training volume - NOT an observed event,
,Mizoram,Lunglei,Lunglei (synthetic),22.8879,92.732,town-level (real coords),,12.3,"24hr (synthetic, grounded in normal baseline)",No significant trigger (synthetic),0,synthetic_augmented,Generated for ML training volume - NOT an observed event,
,Nagaland,Kohima,Kohima (synthetic),25.6751,94.1086,town-level (real coords),,80.8,"24hr (synthetic, grounded in normal baseline)",No significant trigger (synthetic),0,synthetic_augmented,Generated for ML training volume - NOT an observed event,
,Nagaland,Kohima,Kohima (synthetic),25.6751,94.1086,town-level (real coords),,42.8,"24hr (synthetic, grounded in normal baseline)",No significant trigger (synthetic),0,synthetic_augmented,Generated for ML training volume - NOT an observed event,
,Tripura,Agartala,Agartala (synthetic),23.8315,91.2868,town-level (real coords),,54.9,"24hr (synthetic, grounded in normal baseline)",No significant trigger (synthetic),0,synthetic_augmented,Generated for ML training volume - NOT an observed event,
,Manipur,Imphal,Imphal (synthetic),24.817,93.9368,town-level (real coords),,14.0,"24hr (synthetic, grounded in normal baseline)",No significant trigger (synthetic),0,synthetic_augmented,Generated for ML training volume - NOT an observed event,
2023-11-15,Sikkim,East Sikkim,"Gangtok (IMD Meteorological Centre, Tadong)",27.3314,88.6138,station-exact,0.0,4.2,24hr,Post-monsoon dry spell / clear mountain weather,0,real_documented_event,"IMD Daily Weather Bulletin, Gangtok",https://mausam.imd.gov.in
2024-04-10,Sikkim,East Sikkim,Singtam (NH-10 River Valley Bridge Stretch),27.235,88.498,station-exact,0.0,18.5,24hr,Light pre-monsoon shower / stable slope strata,0,real_documented_event,Sikkim Disaster Management Authority (SDMA) Log,https://sikkim.gov.in
2023-10-22,Sikkim,Mangan,Mangan Town Sub-divisional Station,27.5167,88.5333,town-level,0.0,12.0,24hr,Autumn seasonal light shower / normal traffic,0,real_documented_event,IMD Mangan AWS Record,https://mausam.imd.gov.in
2024-03-05,Sikkim,South Sikkim,Namchi Hill Ridge Station,27.1667,88.3667,town-level,0.0,2.4,24hr,Clear mountain sky / dry slope conditions,0,real_documented_event,IMD Sikkim State Report,https://mausam.imd.gov.in
2023-08-12,Meghalaya,East Khasi Hills,Shillong Peak (IMD Observatory),25.5788,91.8933,station-exact,0.0,22.6,24hr,Moderate monsoon rain / normal drainage,0,real_documented_event,IMD Shillong Daily Met Register,https://mausam.imd.gov.in
2024-02-18,Meghalaya,East Khasi Hills,Cherrapunji (Sohra AWS Station),25.27,91.73,station-exact,0.0,0.0,24hr,Winter dry baseline / zero precipitation,0,real_documented_event,Cherrapunjee AWS Station Log,https://mausam.imd.gov.in
2023-09-04,Meghalaya,West Jaintia Hills,Jowai Town Sector,25.45,92.2,town-level,0.0,31.4,24hr,Standard monsoon rainfall / stable paved highway,0,real_documented_event,Meghalaya SDMA Daily Bulletin,https://meghalaya.gov.in
2023-11-20,Nagaland,Kohima,Kohima (Raj Bhavan Ridge AWS),25.674,94.108,station-exact,0.0,6.8,24hr,Post-monsoon mild overcast / stable slopes,0,real_documented_event,Nagaland State Disaster Management Authority (NSDMA),https://nsdma.nagaland.gov.in
2024-05-10,Nagaland,Dimapur,Dimapur Valley Plains (Chumukedima Foothills),25.906,93.727,town-level,0.0,28.0,24hr,Pre-monsoon thunder shower / flat terrain,0,real_documented_event,IMD Nagaland AWS Log,https://mausam.imd.gov.in
2023-12-05,Nagaland,Mokokchung,Mokokchung Town Hill Station,26.32,94.52,town-level,0.0,0.0,24hr,Winter clear weather / dry bedrock,0,real_documented_event,NSDMA Incident Free Report,https://nsdma.nagaland.gov.in
2023-10-18,Mizoram,Aizawl,Aizawl (Tuirial Airfield AWS),23.736,92.717,station-exact,0.0,14.2,24hr,Light post-monsoon rain / stable retaining walls,0,real_documented_event,IMD Aizawl Daily Report,https://mausam.imd.gov.in
2024-01-25,Mizoram,Lunglei,Lunglei Southern Ridge AWS,22.88,92.73,town-level,0.0,1.0,24hr,Winter dry season / no slope movement,0,real_documented_event,Mizoram Disaster Management Report,https://dmr.mizoram.gov.in
2023-07-28,Mizoram,Kolasib,Kolasib (NH-54 Approach Stretch),24.22,92.68,town-level,0.0,36.5,24hr,Moderate monsoon rain / normal road passage,0,real_documented_event,Kolasib District Administration Report,https://kolasib.nic.in
2023-11-08,Arunachal Pradesh,Papum Pare,Itanagar (Capital Complex AWS),27.084,93.605,station-exact,0.0,8.0,24hr,Dry post-monsoon weather / normal traffic,0,real_documented_event,IMD Itanagar Centre,https://mausam.imd.gov.in
2024-04-20,Arunachal Pradesh,West Kameng,Bhalukpong Valley KM 48 (Border Sector),27.014,92.642,town-level,0.0,24.0,24hr,Moderate pre-monsoon rain / cleared BRO cuttings,0,real_documented_event,BRO Vartak Project Log,https://bro.gov.in
2023-12-14,Arunachal Pradesh,Tawang,Tawang Town (High Altitude Army Station),27.586,91.866,town-level,0.0,0.0,24hr,Sub-zero dry freeze / rockface stable,0,real_documented_event,Army High Altitude Met Post,https://mausam.imd.gov.in
2023-09-15,Arunachal Pradesh,East Siang,Pasighat (IMD Station),28.066,95.333,station-exact,0.0,42.0,24hr,Monsoon river valley shower / stable banks,0,real_documented_event,IMD Pasighat Daily Bulletin,https://mausam.imd.gov.in
2023-08-25,Assam,Kamrup Metro,Guwahati (Borjhar Airport IMD),26.106,91.585,station-exact,0.0,38.2,24hr,City monsoon rain / Brahmaputra basin flatlands,0,real_documented_event,Regional Meteorological Centre (RMC) Guwahati,https://rmcguwahati.imd.gov.in
2024-03-12,Assam,Dima Hasao,Haflong Hill Outskirts (Rural bypass),25.174,93.023,town-level,0.0,11.5,24hr,Light spring shower / stable terrain,0,real_documented_event,ASDMA District Status Record,https://asdma.assam.gov.in
2023-10-05,Assam,Cachar,Silchar (Barak Valley Station),24.833,92.8,station-exact,0.0,21.0,24hr,Post-monsoon rain / valley terrain,0,real_documented_event,IMD Silchar AWS Record,https://mausam.imd.gov.in
2024-01-10,Assam,Dibrugarh,Dibrugarh (Mohanbari IMD Airport),27.483,94.916,station-exact,0.0,0.0,24hr,Winter clear sunshine / zero precipitation,0,real_documented_event,IMD Mohanbari Station Bulletin,https://mausam.imd.gov.in
2023-11-28,Manipur,Imphal West,Imphal (Tulihal International Airport AWS),24.76,93.896,station-exact,0.0,3.0,24hr,Dry post-monsoon valley baseline,0,real_documented_event,IMD Imphal Met Centre,https://mausam.imd.gov.in
2024-04-05,Manipur,Churachandpur,Churachandpur Southern Foothills,24.33,93.67,town-level,0.0,16.0,24hr,Pre-monsoon moderate shower / no slope shift,0,real_documented_event,Manipur State Relief & DM Dept,https://manipur.gov.in
2023-12-20,Tripura,West Tripura,Agartala (MBB Airport Met Station),23.886,91.24,station-exact,0.0,0.0,24hr,Winter dry baseline / zero rainfall,0,real_documented_event,IMD Agartala Station Log,https://mausam.imd.gov.in
2024-06-05,Tripura,South Tripura,Belonia Town Plains,23.25,91.45,town-level,0.0,32.0,24hr,Early monsoon shower in agricultural plains,0,real_documented_event,Tripura Disaster Management Log,https://tripura.gov.in
2023-10-12,Assam,Sonitpur,Tezpur (Brahmaputra Valley Outskirts),26.63,92.8,town-level,0.0,15.4,24hr,Post-monsoon light rain / no slope hazard,0,real_documented_event,IMD Tezpur Observatory Log,https://mausam.imd.gov.in
